ts,open,high,low,close,vol,ema9,ema21,long,signal
2020-01-01 00:00:00,7195.24,7196.25,7178.64,7179.78,95.509133,,,False,0
2020-01-01 00:05:00,7179.76,7191.77,7178.2,7191.07,59.365225,,,False,0
2020-01-01 00:10:00,7193.15,7193.53,7180.24,7180.97,48.06851,,,False,0
2020-01-01 00:15:00,7180.97,7186.4,7177.35,7178.29,32.192929,,,False,0
2020-01-01 00:20:00,7177.71,7182.46,7175.47,7176.96,49.027397,,,False,0
2020-01-01 00:25:00,7177.59,7185.56,7176.11,7178.45,47.022328,,,False,0
2020-01-01 00:30:00,7178.19,7185.44,7177.54,7180.68,35.10983,,,False,0
2020-01-01 00:35:00,7180.96,7182.53,7176.23,7177.53,24.863496,,,False,0
2020-01-01 00:40:00,7177.14,7182.45,7176.34,7179.56,23.514132,7180.365555555555,,False,0
2020-01-01 00:45:00,7179.35,7182.99,7179.35,7182.94,21.35885,7180.880444444444,,False,0
2020-01-01 00:50:00,7182.94,7183.98,7175.51,7179.03,42.910971,7180.510355555556,,False,0
2020-01-01 00:55:00,7178.65,7181.75,7175.46,7177.02,32.8721,7179.812284444446,,False,0
2020-01-01 01:00:00,7176.47,7185.86,7175.71,7183.29,30.163076,7180.507827555558,,False,0
2020-01-01 01:05:00,7183.55,7194.04,7182.82,7189.62,44.803327,7182.3302620444465,,False,0
2020-01-01 01:10:00,7189.63,7194.04,7188.62,7190.86,28.554119,7184.036209635558,,False,0
2020-01-01 01:15:00,7190.46,7194.27,7189.23,7194.06,24.216078,7186.040967708447,,False,0
2020-01-01 01:20:00,7193.02,7198.0,7190.79,7192.39,34.107575,7187.310774166758,,False,0
2020-01-01 01:25:00,7193.01,7217.0,7191.98,7212.1,193.219399,7192.268619333407,,False,0
2020-01-01 01:30:00,7212.1,7230.0,7211.32,7218.83,273.46807,7197.580895466726,,False,0
2020-01-01 01:35:00,7219.11,7221.95,7210.53,7216.0,60.977766,7201.264716373381,,False,0
2020-01-01 01:40:00,7216.02,7219.11,7207.17,7211.87,52.801416,7203.385773098705,7189.109523809523,True,1
2020-01-01 01:45:00,7212.34,7212.67,7205.01,7205.08,47.987055,7203.724618478964,7190.561385281384,True,0
2020-01-01 01:50:00,7205.08,7211.77,7204.28,7209.35,54.491792,7204.849694783171,7192.2694411648945,True,0
2020-01-01 01:55:00,7209.75,7216.41,7207.39,7216.27,38.26293,7207.133755826537,7194.451310149904,True,0
2020-01-01 02:00:00,7215.52,7223.37,7214.09,7217.25,62.727497,7209.15700466123,7196.523918318094,True,0
2020-01-01 02:05:00,7217.21,7223.8,7214.27,7217.18,40.37927,7210.7616037289845,7198.40174392554,True,0
2020-01-01 02:10:00,7217.73,7219.03,7211.41,7211.97,30.653886,7211.003282983188,7199.635221750491,True,0
2020-01-01 02:15:00,7212.87,7225.0,7212.15,7224.2,32.415222,7213.642626386551,7201.868383409537,True,0
2020-01-01 02:20:00,7224.2,7230.0,7218.97,7229.32,36.710927,7216.778101109241,7204.363984917761,True,0
2020-01-01 02:25:00,7229.5,7238.88,7224.91,7228.09,106.131355,7219.040480887394,7206.520895379782,True,0
2020-01-01 02:30:00,7227.12,7236.07,7226.79,7234.76,56.688336,7222.184384709915,7209.088086708893,True,0
2020-01-01 02:35:00,7233.83,7235.83,7228.08,7232.21,73.99718,7224.189507767933,7211.1900788262665,True,0
2020-01-01 02:40:00,7232.75,7237.99,7229.65,7237.63,42.633819,7226.877606214346,7213.593708023878,True,0
2020-01-01 02:45:00,7237.42,7237.81,7231.93,7236.13,38.429914,7228.728084971477,7215.642461839889,True,0
2020-01-01 02:50:00,7237.21,7244.2,7232.2,7243.65,89.94917,7231.712467977182,7218.188601672626,True,0
2020-01-01 02:55:00,7243.07,7244.87,7238.0,7242.85,44.440233,7233.939974381747,7220.430546975114,True,0
2020-01-01 03:00:00,7242.66,7245.0,7230.25,7235.33,87.259123,7234.217979505397,7221.785042704649,True,0
2020-01-01 03:05:00,7235.18,7235.66,7220.1,7224.98,108.385003,7232.370383604318,7222.075493367862,True,0
2020-01-01 03:10:00,7224.98,7229.7,7223.43,7228.5,75.378899,7231.596306883454,7222.659539425329,True,0
2020-01-01 03:15:00,7227.43,7235.5,7227.19,7235.5,76.264249,7232.377045506764,7223.826854023026,True,0
2020-01-01 03:20:00,7234.11,7237.41,7232.87,7235.87,33.335067,7233.075636405411,7224.921685475478,True,0
2020-01-01 03:25:00,7235.53,7238.77,7231.23,7237.15,59.789927,7233.89050912433,7226.0333504322525,True,0
2020-01-01 03:30:00,7237.82,7244.33,7237.16,7243.77,60.0435,7235.866407299464,7227.64577312023,True,0
2020-01-01 03:35:00,7242.4,7242.48,7226.0,7228.85,81.881714,7234.463125839572,7227.755248291118,True,0
2020-01-01 03:40:00,7228.75,7231.99,7220.23,7221.27,61.273717,7231.824500671658,7227.165680264652,True,0
2020-01-01 03:45:00,7221.27,7227.89,7220.0,7227.5,38.46044,7230.959600537327,7227.196072967866,True,0
2020-01-01 03:50:00,7228.18,7228.18,7223.21,7226.06,45.602554,7229.979680429862,7227.092793607151,True,0
2020-01-01 03:55:00,7225.58,7230.78,7223.61,7225.01,56.050674,7228.9857443438905,7226.903448733773,True,0
2020-01-01 04:00:00,7225.0,7229.72,7223.93,7228.58,64.682238,7228.904595475113,7227.055862485248,True,0
2020-01-01 04:05:00,7228.09,7229.88,7224.61,7228.14,36.798454,7228.75167638009,7227.154420441135,True,0
2020-01-01 04:10:00,7228.31,7228.32,7217.81,7219.09,51.086989,7226.819341104073,7226.421291310123,True,0
2020-01-01 04:15:00,7218.61,7223.0,7216.42,7220.77,75.558678,7225.6094728832595,7225.907537554657,False,-1
2020-01-01 04:20:00,7221.89,7222.68,7215.03,7219.49,35.802333,7224.385578306608,7225.3241250496885,False,0
2020-01-01 04:25:00,7219.76,7224.46,7216.5,7222.23,56.62756,7223.954462645287,7225.042840954262,False,0
2020-01-01 04:30:00,7221.21,7230.0,7220.18,7229.15,35.025332,7224.99357011623,7225.416219049329,False,0
2020-01-01 04:35:00,7228.08,7229.46,7224.71,7226.07,23.223855,7225.208856092984,7225.475653681208,False,0
2020-01-01 04:40:00,7225.62,7225.92,7220.69,7221.92,22.107873,7224.551084874388,7225.152412437462,False,0
2020-01-01 04:45:00,7221.84,7228.9,7221.84,7227.98,23.831594,7225.23686789951,7225.409465852238,False,0
2020-01-01 04:50:00,7227.97,7228.78,7217.35,7218.73,26.898785,7223.935494319609,7224.802241683852,False,0
2020-01-01 04:55:00,7218.95,7220.69,7216.18,7217.27,16.168887,7222.602395455688,7224.117492439866,False,0
2020-01-01 05:00:00,7217.26,7227.26,7217.26,7225.67,34.968134,7223.21591636455,7224.258629490787,False,0
2020-01-01 05:05:00,7224.66,7228.68,7223.57,7227.14,32.472218,7224.0007330916405,7224.520572264352,False,0
2020-01-01 05:10:00,7227.4,7229.76,7221.56,7223.95,30.646537,7223.990586473313,7224.4687020585025,False,0
2020-01-01 05:15:00,7223.14,7223.67,7218.83,7218.88,20.309113,7222.968469178651,7223.960638235002,False,0
2020-01-01 05:20:00,7219.24,7222.05,7216.65,7218.3,30.368248,7222.0347753429205,7223.446034759093,False,0
2020-01-01 05:25:00,7217.75,7223.07,7216.82,7220.18,28.253298,7221.663820274337,7223.149122508266,False,0
2020-01-01 05:30:00,7220.17,7222.88,7218.62,7221.76,27.304449,7221.68305621947,7223.0228386438785,False,0
2020-01-01 05:35:00,7221.46,7224.14,7221.1,7222.53,18.490987,7221.852444975577,7222.978035130798,False,0
2020-01-01 05:40:00,7222.28,7222.3,7218.05,7220.6,37.610482,7221.601955980462,7222.761850118908,False,0
2020-01-01 05:45:00,7220.31,7227.0,7219.54,7225.98,32.152634,7222.47756478437,7223.054409199007,False,0
2020-01-01 05:50:00,7225.79,7228.16,7222.2,7226.99,31.899579,7223.380051827497,7223.412190180915,False,0
2020-01-01 05:55:00,7226.99,7226.99,7220.77,7224.21,20.194917,7223.546041461997,7223.484718346286,True,1
2020-01-01 06:00:00,7224.24,7228.31,7222.87,7226.84,32.176161,7224.204833169599,7223.789743951169,True,0
2020-01-01 06:05:00,7226.69,7229.0,7224.97,7228.99,26.280669,7225.161866535679,7224.262494501062,True,0
2020-01-01 06:10:00,7228.87,7231.68,7226.37,7229.31,48.526293,7225.991493228544,7224.721358637329,True,0
2020-01-01 06:15:00,7229.31,7236.27,7227.03,7232.57,69.268823,7227.307194582835,7225.434871488481,True,0
2020-01-01 06:20:00,7232.77,7235.36,7230.82,7231.51,81.614612,7228.1477556662685,7225.987155898619,True,0
2020-01-01 06:25:00,7231.7,7235.0,7231.5,7233.71,50.768642,7229.260204533015,7226.689232635107,True,0
2020-01-01 06:30:00,7233.28,7233.89,7227.2,7229.06,83.745461,7229.220163626413,7226.904756941007,True,0
2020-01-01 06:35:00,7229.55,7231.83,7229.06,7230.65,40.778025,7229.506130901131,7227.245233582734,True,0
2020-01-01 06:40:00,7230.93,7232.0,7229.63,7229.63,66.474321,7229.530904720906,7227.462030529758,True,0
2020-01-01 06:45:00,7229.63,7229.64,7225.18,7228.53,39.506778,7229.330723776725,7227.559118663416,True,0
2020-01-01 06:50:00,7228.14,7229.64,7223.14,7223.15,41.741959,7228.09457902138,7227.158289694014,True,0
2020-01-01 06:55:00,7223.15,7226.33,7221.51,7225.62,40.585279,7227.5996632171045,7227.018445176375,True,0
2020-01-01 07:00:00,7225.88,7227.43,7225.0,7226.6,53.851054,7227.399730573685,7226.980404705795,True,0
2020-01-01 07:05:00,7226.6,7227.11,7223.32,7226.0,47.961328,7227.119784458948,7226.891277005268,True,0
2020-01-01 07:10:00,7226.54,7231.89,7225.23,7231.08,50.720498,7227.911827567159,7227.2720700047885,True,0
2020-01-01 07:15:00,7230.85,7232.0,7228.61,7231.0,41.539559,7228.529462053727,7227.610972731625,True,0
2020-01-01 07:20:00,7231.33,7231.62,7228.47,7229.29,21.16806,7228.681569642982,7227.763611574204,True,0
2020-01-01 07:25:00,7229.53,7232.94,7229.33,7231.27,32.3931,7229.199255714386,7228.082374158367,True,0
2020-01-01 07:30:00,7231.04,7232.86,7218.0,7220.15,75.222457,7227.389404571509,7227.361249234879,True,0
2020-01-01 07:35:00,7220.1,7220.79,7212.19,7212.95,61.428341,7224.501523657207,7226.051135668073,False,-1
2020-01-01 07:40:00,7213.25,7213.27,7199.11,7199.88,95.151297,7219.577218925766,7223.67194151643,False,0
2020-01-01 07:45:00,7199.88,7209.98,7199.11,7208.62,49.893682,7217.385775140613,7222.3035831967545,False,0
2020-01-01 07:50:00,7208.39,7214.12,7201.97,7213.74,52.954557,7216.6566201124915,7221.525075633413,False,0
2020-01-01 07:55:00,7212.72,7213.33,7206.56,7209.83,45.060921,7215.291296089994,7220.461886939465,False,0
2020-01-01 08:00:00,7209.83,7210.0,7200.88,7204.36,34.08682,7213.105036871996,7218.998079035878,False,0
2020-01-01 08:05:00,7204.37,7206.81,7200.0,7202.99,52.868199,7211.082029497597,7217.542799123526,False,0
2020-01-01 08:10:00,7203.0,7203.0,7193.65,7195.21,96.847538,7207.907623598078,7215.51254465775,False,0
2020-01-01 08:15:00,7195.21,7195.21,7186.71,7188.24,120.487628,7203.974098878463,7213.033222416136,False,0
2020-01-01 08:20:00,7187.33,7196.77,7187.33,7196.54,57.232649,7202.487279102771,7211.5338385601235,False,0
2020-01-01 08:25:00,7195.46,7196.51,7188.96,7189.97,63.565791,7199.983823282217,7209.573489600112,False,0
2020-01-01 08:30:00,7189.97,7194.95,7185.98,7194.68,58.345208,7198.9230586257745,7208.2195360001015,False,0
2020-01-01 08:35:00,7194.69,7194.69,7191.0,7192.54,47.83515,7197.64644690062,7206.794123636455,False,0
2020-01-01 08:40:00,7192.54,7192.54,7182.15,7185.4,68.349265,7195.197157520496,7204.849203305867,False,0
2020-01-01 08:45:00,7185.39,7186.04,7180.0,7184.22,129.666483,7193.001726016398,7202.973821187153,False,0
2020-01-01 08:50:00,7184.98,7191.99,7183.93,7191.99,54.629656,7192.799380813119,7201.97529198832,False,0
2020-01-01 08:55:00,7191.73,7202.74,7189.25,7200.64,131.631587,7194.367504650496,7201.853901807564,False,0
2020-01-01 09:00:00,7200.29,7210.51,7196.65,7197.42,81.861362,7194.978003720397,7201.450819825059,False,0
2020-01-01 09:05:00,7197.41,7203.16,7194.33,7194.49,48.786337,7194.880402976319,7200.81801802278,False,0
2020-01-01 09:10:00,7195.28,7201.66,7191.91,7193.68,68.155031,7194.640322381055,7200.169107293436,False,0
2020-01-01 09:15:00,7194.38,7195.72,7190.02,7195.05,48.386387,7194.722257904845,7199.703733903123,False,0
2020-01-01 09:20:00,7194.54,7197.84,7193.75,7195.31,33.101415,7194.8398063238765,7199.304303548293,False,0
2020-01-01 09:25:00,7195.29,7199.0,7192.66,7196.98,67.393507,7195.267845059101,7199.093003225721,False,0
2020-01-01 09:30:00,7197.25,7200.85,7197.22,7200.19,22.270721,7196.252276047282,7199.192730205201,False,0
2020-01-01 09:35:00,7200.04,7204.0,7197.07,7199.48,54.489081,7196.897820837826,7199.218845641091,False,0
2020-01-01 09:40:00,7198.79,7200.47,7195.86,7199.63,73.266771,7197.444256670261,7199.2562233100825,False,0
2020-01-01 09:45:00,7199.63,7199.79,7197.47,7198.56,24.79904,7197.667405336209,7199.1929302818935,False,0
2020-01-01 09:50:00,7199.51,7199.51,7192.59,7192.88,58.79667,7196.709924268968,7198.619027528994,False,0
2020-01-01 09:55:00,7192.88,7193.72,7188.0,7188.77,55.07978,7195.121939415175,7197.723661389994,False,0
2020-01-01 10:00:00,7189.07,7195.66,7185.2,7193.31,67.409084,7194.759551532141,7197.322419445449,False,0
2020-01-01 10:05:00,7193.31,7199.99,7191.56,7199.18,48.005402,7195.6436412257135,7197.491290404953,False,0
2020-01-01 10:10:00,7200.0,7204.0,7196.77,7203.0,49.441183,7197.114912980572,7197.992082186322,False,0
2020-01-01 10:15:00,7203.98,7206.51,7201.97,7204.74,53.171267,7198.639930384458,7198.605529260292,True,1
2020-01-01 10:20:00,7205.68,7206.56,7200.98,7203.89,52.329015,7199.689944307567,7199.085935691174,True,0
2020-01-01 10:25:00,7203.89,7206.78,7202.95,7205.95,41.628092,7200.941955446055,7199.709941537431,True,0
2020-01-01 10:30:00,7205.95,7206.61,7198.66,7198.68,44.823172,7200.489564356844,7199.6163104885745,True,0
2020-01-01 10:35:00,7199.27,7205.0,7197.99,7203.16,38.782957,7201.023651485475,7199.938464080522,True,0
2020-01-01 10:40:00,7204.02,7208.52,7202.96,7207.9,33.613495,7202.39892118838,7200.662240073202,True,0
2020-01-01 10:45:00,7208.39,7210.0,7203.09,7203.09,50.427114,7202.537136950705,7200.882945521093,True,0
2020-01-01 10:50:00,7203.09,7203.97,7199.59,7200.91,32.689741,7202.211709560564,7200.885405019175,True,0
2020-01-01 10:55:00,7201.24,7203.91,7200.31,7202.0,25.442282,7202.169367648452,7200.986731835614,True,0
2020-01-01 11:00:00,7202.01,7203.42,7200.32,7202.83,24.622646,7202.301494118762,7201.15430166874,True,0
2020-01-01 11:05:00,7202.83,7208.27,7202.46,7207.84,28.119969,7203.40919529501,7201.762092426127,True,0
2020-01-01 11:10:00,7207.83,7209.15,7205.2,7208.0,37.789146,7204.327356236009,7202.329174932843,True,0
2020-01-01 11:15:00,7208.0,7208.59,7203.92,7204.62,38.059754,7204.385884988807,7202.5374317571295,True,0
2020-01-01 11:20:00,7204.96,7229.91,7204.43,7229.71,212.122118,7209.450707991046,7205.007665233754,True,0
2020-01-01 11:25:00,7229.62,7237.73,7220.44,7222.83,149.695237,7212.126566392837,7206.62787748523,True,0
2020-01-01 11:30:00,7222.96,7234.57,7221.63,7222.84,82.381744,7214.26925311427,7208.101706804755,True,0
2020-01-01 11:35:00,7222.98,7224.83,7218.2,7220.89,63.896406,7215.593402491417,7209.264278913413,True,0
2020-01-01 11:40:00,7220.75,7228.76,7218.01,7228.5,50.84527,7218.174721993134,7211.012980830375,True,0
2020-01-01 11:45:00,7228.49,7228.97,7211.01,7211.02,114.477984,7216.743777594507,7211.013618936705,True,0
2020-01-01 11:50:00,7211.12,7211.81,7188.61,7193.97,222.572478,7212.189022075606,7209.464199033368,True,0
2020-01-01 11:55:00,7193.92,7202.11,7191.71,7197.2,52.376729,7209.191217660486,7208.349271848516,True,0
2020-01-01 12:00:00,7197.2,7209.71,7196.15,7204.08,79.548131,7208.168974128389,7207.961156225923,True,0
2020-01-01 12:05:00,7204.41,7216.3,7203.0,7216.19,54.482368,7209.7731793027115,7208.709232932658,True,0
2020-01-01 12:10:00,7216.11,7216.76,7204.9,7204.9,80.503132,7208.79854344217,7208.362939029688,True,0
2020-01-01 12:15:00,7205.08,7216.76,7203.62,7213.87,52.405199,7209.812834753737,7208.86358093608,True,0
2020-01-01 12:20:00,7213.89,7220.9,7213.7,7219.99,53.515896,7211.84826780299,7209.875073578254,True,0
2020-01-01 12:25:00,7221.0,7221.14,7210.62,7211.23,47.056817,7211.724614242393,7209.998248707503,True,0
2020-01-01 12:30:00,7211.35,7215.01,7206.41,7215.0,51.522328,7212.379691393915,7210.452953370457,True,0
2020-01-01 12:35:00,7215.0,7226.42,7214.99,7219.35,155.504209,7213.773753115132,7211.261775791324,True,0
2020-01-01 12:40:00,7219.44,7225.95,7214.96,7220.3,97.110353,7215.079002492107,7212.083432537567,True,0
2020-01-01 12:45:00,7220.52,7225.29,7215.2,7223.52,31.008436,7216.767201993685,7213.123120488697,True,0
2020-01-01 12:50:00,7222.74,7227.88,7218.22,7224.98,62.311695,7218.409761594949,7214.201018626088,True,0
2020-01-01 12:55:00,7224.67,7233.33,7222.21,7225.59,103.785016,7219.845809275959,7215.236380569171,True,0
2020-01-01 13:00:00,7225.84,7230.5,7219.66,7219.66,64.351247,7219.808647420768,7215.638527790155,True,0
2020-01-01 13:05:00,7219.86,7224.76,7215.19,7218.19,88.770958,7219.484917936615,7215.870479809232,True,0
2020-01-01 13:10:00,7219.17,7221.3,7216.51,7220.95,53.68071,7219.777934349293,7216.332254372029,True,0
2020-01-01 13:15:00,7220.95,7220.98,7213.56,7214.09,49.80116,7218.640347479435,7216.12841306548,True,0
2020-01-01 13:20:00,7214.27,7223.69,7212.88,7222.75,57.098644,7219.462277983549,7216.730375514073,True,0
2020-01-01 13:25:00,7222.71,7224.62,7218.81,7221.79,41.395047,7219.92782238684,7217.190341376429,True,0
2020-01-01 13:30:00,7221.93,7226.39,7220.49,7225.87,38.589154,7221.116257909472,7217.979401251299,True,0
2020-01-01 13:35:00,7225.52,7231.89,7225.52,7227.57,46.148164,7222.407006327578,7218.851273864817,True,0
2020-01-01 13:40:00,7227.24,7231.41,7222.05,7227.99,47.850328,7223.523605062062,7219.6820671498335,True,0
2020-01-01 13:45:00,7228.0,7228.0,7221.12,7226.57,50.60831,7224.132884049651,7220.308242863484,True,0
2020-01-01 13:50:00,7225.84,7226.98,7221.99,7224.62,29.786517,7224.230307239721,7220.7002207849855,True,0
2020-01-01 13:55:00,7225.17,7227.17,7216.0,7221.2,44.100663,7223.624245791777,7220.7456552590775,True,0
2020-01-01 14:00:00,7221.17,7222.87,7217.01,7220.18,45.592678,7222.935396633422,7220.694232053706,True,0
2020-01-01 14:05:00,7220.1,7220.1,7208.17,7215.88,65.025868,7221.524317306738,7220.256574594278,True,0
2020-01-01 14:10:00,7216.07,7217.98,7209.39,7217.02,38.982107,7220.623453845392,7219.9623405402535,True,0
2020-01-01 14:15:00,7216.01,7221.83,7215.84,7220.31,26.478537,7220.560763076313,7219.993945945685,True,0
2020-01-01 14:20:00,7220.89,7233.23,7220.52,7224.63,52.879821,7221.374610461052,7220.415405405168,True,0
2020-01-01 14:25:00,7224.81,7232.44,7223.09,7231.37,35.72462,7223.3736883688425,7221.411277641062,True,0
2020-01-01 14:30:00,7231.32,7233.98,7221.75,7232.72,104.059967,7225.242950695074,7222.439343310057,True,0
2020-01-01 14:35:00,7232.71,7234.97,7219.89,7224.57,60.032933,7225.108360556059,7222.6330393727785,True,0
2020-01-01 14:40:00,7224.62,7231.0,7220.18,7226.79,45.052618,7225.444688444848,7223.010944884344,True,0
2020-01-01 14:45:00,7226.79,7226.79,7219.89,7220.54,56.08819,7224.463750755879,7222.786313531222,True,0
2020-01-01 14:50:00,7220.96,7223.78,7217.2,7220.48,49.31382,7223.667000604704,7222.576648664746,True,0
2020-01-01 14:55:00,7221.25,7221.65,7216.51,7221.43,38.483026,7223.219600483764,7222.472407877041,True,0
2020-01-01 15:00:00,7221.6,7225.0,7220.96,7223.34,43.047939,7223.243680387011,7222.551279888219,True,0
2020-01-01 15:05:00,7223.23,7232.59,7222.97,7226.65,111.048876,7223.92494430961,7222.923890807471,True,0
2020-01-01 15:10:00,7227.29,7228.6,7222.02,7224.35,42.224817,7224.009955447688,7223.053537097701,True,0
2020-01-01 15:15:00,7224.35,7225.94,7220.6,7222.16,51.997887,7223.639964358151,7222.972306452456,True,0
2020-01-01 15:20:00,7221.87,7225.17,7218.29,7222.39,130.709892,7223.389971486521,7222.919369502232,True,0
2020-01-01 15:25:00,7222.39,7228.91,7222.24,7228.13,53.487469,7224.337977189218,7223.393063183847,True,0
2020-01-01 15:30:00,7228.13,7232.07,7224.19,7232.0,57.899204,7225.870381751374,7224.175511985315,True,0
2020-01-01 15:35:00,7232.01,7255.0,7229.43,7252.17,533.639131,7231.1303054011,7226.720465441195,True,0
2020-01-01 15:40:00,7252.1,7252.1,7230.99,7236.0,121.269385,7232.10424432088,7227.564059491996,True,0
2020-01-01 15:45:00,7235.39,7240.06,7225.81,7226.95,88.178401,7231.073395456705,7227.508235901814,True,0
2020-01-01 15:50:00,7226.95,7228.76,7218.46,7227.79,86.182725,7230.416716365365,7227.533850819831,True,0
2020-01-01 15:55:00,7227.83,7234.28,7227.83,7234.19,74.203066,7231.171373092292,7228.138955290755,True,0
2020-01-01 16:00:00,7234.2,7238.47,7228.33,7228.33,122.018015,7230.6030984738345,7228.156322991595,True,0
2020-01-01 16:05:00,7228.99,7229.36,7223.29,7226.43,115.362154,7229.768478779068,7227.999384537813,True,0
2020-01-01 16:10:00,7225.83,7234.06,7224.3,7231.23,57.462729,7230.060783023255,7228.293076852557,True,0
2020-01-01 16:15:00,7230.51,7231.33,7217.36,7217.36,75.175237,7227.520626418604,7227.299160775051,True,0
2020-01-01 16:20:00,7217.85,7222.86,7214.0,7219.33,73.152594,7225.882501134884,7226.574691613683,False,-1
2020-01-01 16:25:00,7219.36,7222.0,7215.12,7218.68,62.667798,7224.442000907907,7225.856992376075,False,0
2020-01-01 16:30:00,7218.61,7221.5,7216.77,7219.95,46.003087,7223.543600726325,7225.319993069159,False,0
2020-01-01 16:35:00,7220.28,7227.59,7217.49,7225.62,98.557107,7223.95888058106,7225.347266426507,False,0
2020-01-01 16:40:00,7225.62,7232.06,7224.93,7228.57,86.737559,7224.881104464848,7225.6402422059155,False,0
2020-01-01 16:45:00,7228.58,7230.83,7224.97,7225.01,31.333499,7224.906883571879,7225.582947459923,False,0
2020-01-01 16:50:00,7225.0,7238.29,7225.0,7236.98,35.914456,7227.321506857504,7226.619043145384,True,1
2020-01-01 16:55:00,7236.98,7246.42,7234.2,7245.37,77.548545,7230.931205486004,7228.323675586713,True,0
2020-01-01 17:00:00,7244.34,7248.65,7228.98,7229.81,81.62993,7230.7069643888035,7228.458795987921,True,0
2020-01-01 17:05:00,7230.34,7236.95,7224.92,7236.95,93.272144,7231.955571511044,7229.230723625383,True,0
2020-01-01 17:10:00,7236.99,7249.99,7236.99,7239.93,214.552432,7233.550457208835,7230.203385113984,True,0
2020-01-01 17:15:00,7239.93,7240.0,7234.57,7235.0,210.393393,7233.840365767068,7230.639441012713,True,0
2020-01-01 17:20:00,7234.38,7248.78,7232.72,7242.62,107.276472,7235.596292613655,7231.72858273883,True,0
2020-01-01 17:25:00,7243.64,7247.03,7242.63,7244.73,74.222162,7237.423034090924,7232.910529762572,True,0
2020-01-01 17:30:00,7244.76,7244.97,7233.58,7234.21,48.522353,7236.780427272741,7233.0286634205195,True,0
2020-01-01 17:35:00,7234.13,7240.97,7234.13,7235.09,46.347015,7236.442341818193,7233.216057655018,True,0
2020-01-01 17:40:00,7234.69,7236.99,7232.87,7233.0,35.1619,7235.753873454555,7233.1964160500165,True,0
2020-01-01 17:45:00,7233.0,7243.6,7232.99,7238.68,64.734557,7236.339098763644,7233.694923681833,True,0
2020-01-01 17:50:00,7237.8,7240.95,7236.14,7237.17,46.33924,7236.505279010916,7234.010839710757,True,0
2020-01-01 17:55:00,7237.63,7237.72,7234.0,7236.83,46.758969,7236.570223208733,7234.267127009779,True,0
2020-01-01 18:00:00,7237.02,7239.44,7232.02,7232.55,53.50275,7235.766178566987,7234.111024554344,True,0
2020-01-01 18:05:00,7232.55,7242.06,7232.02,7241.26,36.10839,7236.86494285359,7234.76093141304,True,0
2020-01-01 18:10:00,7242.04,7246.42,7237.37,7244.71,58.662701,7238.433954282872,7235.665392193672,True,0
2020-01-01 18:15:00,7243.83,7246.72,7240.2,7241.4,65.226203,7239.027163426298,7236.186720176065,True,0
2020-01-01 18:20:00,7241.37,7243.97,7237.45,7241.75,61.813155,7239.57173074104,7236.692472887332,True,0
2020-01-01 18:25:00,7241.84,7243.45,7235.23,7236.28,62.675164,7238.913384592833,7236.654975352119,True,0
2020-01-01 18:30:00,7235.22,7235.22,7225.17,7230.66,72.999511,7237.2627076742665,7236.109977592836,True,0
2020-01-01 18:35:00,7230.21,7233.0,7225.55,7228.42,63.496874,7235.494166139414,7235.41088872076,True,0
2020-01-01 18:40:00,7228.3,7234.83,7228.3,7234.52,37.697209,7235.2993329115325,7235.329898837055,False,-1
2020-01-01 18:45:00,7234.56,7235.63,7228.08,7233.5,34.721174,7234.939466329226,7235.163544397323,False,0
2020-01-01 18:50:00,7233.03,7235.58,7231.73,7234.72,23.943076,7234.895573063382,7235.123222179384,False,0
2020-01-01 18:55:00,7234.85,7243.39,7234.28,7240.67,40.8471,7236.050458450705,7235.627474708531,True,1
2020-01-01 19:00:00,7240.8,7241.0,7234.65,7240.0,42.593049,7236.840366760564,7236.024977007755,True,0
2020-01-01 19:05:00,7239.71,7240.16,7230.8,7232.87,30.785384,7236.046293408452,7235.73816091614,True,0
2020-01-01 19:10:00,7233.16,7233.49,7226.51,7232.4,29.508879,7235.317034726762,7235.434691741946,False,-1
2020-01-01 19:15:00,7232.36,7236.97,7232.28,7235.61,31.040364,7235.375627781411,7235.450628856314,False,0
2020-01-01 19:20:00,7235.75,7236.0,7227.04,7227.41,63.950945,7233.782502225129,7234.719662596649,False,0
2020-01-01 19:25:00,7227.4,7233.25,7226.0,7227.72,33.989708,7232.570001780104,7234.083329633317,False,0
2020-01-01 19:30:00,7227.83,7234.17,7227.55,7234.1,35.30712,7232.876001424083,7234.084845121197,False,0
2020-01-01 19:35:00,7234.1,7237.36,7230.41,7230.5,25.376851,7232.400801139267,7233.758950110179,False,0
2020-01-01 19:40:00,7230.5,7236.04,7227.38,7228.47,29.045282,7231.614640911414,7233.2781364637995,False,0
2020-01-01 19:45:00,7228.45,7232.0,7227.08,7232.0,22.392831,7231.691712729133,7233.161942239818,False,0
2020-01-01 19:50:00,7232.0,7232.7,7228.43,7231.83,40.052014,7231.719370183307,7233.040856581652,False,0
2020-01-01 19:55:00,7231.31,7231.31,7225.49,7229.48,33.70421,7231.271496146645,7232.717142346956,False,0
2020-01-01 20:00:00,7229.48,7236.84,7229.17,7232.69,31.019957,7231.5551969173175,7232.714674860869,False,0
2020-01-01 20:05:00,7232.69,7236.43,7230.07,7230.77,28.739698,7231.398157533855,7232.537886237154,False,0
2020-01-01 20:10:00,7230.46,7235.42,7229.43,7231.9,46.080474,7231.498526027084,7232.4798965792315,False,0
2020-01-01 20:15:00,7231.9,7231.9,7224.68,7226.21,26.088338,7230.440820821668,7231.909905981119,False,0
2020-01-01 20:20:00,7226.47,7230.91,7225.22,7229.87,26.727655,7230.326656657335,7231.724459982835,False,0
2020-01-01 20:25:00,7229.87,7241.56,7229.87,7239.4,58.625697,7232.141325325868,7232.422236348031,False,0
2020-01-01 20:30:00,7239.08,7242.98,7232.99,7235.51,35.424548,7232.815060260695,7232.702942134574,True,1
2020-01-01 20:35:00,7235.27,7239.13,7231.04,7237.97,17.265618,7233.846048208557,7233.1817655768855,True,0
2020-01-01 20:40:00,7237.94,7238.05,7232.56,7235.11,26.525026,7234.098838566845,7233.3570596153495,True,0
2020-01-01 20:45:00,7235.11,7235.12,7229.7,7234.72,51.969727,7234.223070853477,7233.480963286682,True,0
2020-01-01 20:50:00,7234.7,7237.07,7232.4,7234.46,20.055721,7234.2704566827815,7233.569966624255,True,0
2020-01-01 20:55:00,7235.48,7238.75,7233.5,7236.73,23.311715,7234.762365346225,7233.857242385687,True,0
2020-01-01 21:00:00,7237.26,7237.98,7232.53,7235.28,23.632355,7234.865892276981,7233.986583986988,True,0
2020-01-01 21:05:00,7235.12,7242.75,7234.32,7240.94,34.023286,7236.080713821585,7234.6187127154435,True,0
2020-01-01 21:10:00,7240.79,7242.0,7228.0,7233.39,50.223138,7235.542571057268,7234.507011559494,True,0
2020-01-01 21:15:00,7233.28,7234.0,7227.5,7229.43,23.643916,7234.320056845815,7234.045465054085,True,0
2020-01-01 21:20:00,7229.42,7236.34,7229.42,7236.32,19.62313,7234.720045476653,7234.252240958259,True,0
2020-01-01 21:25:00,7236.3,7236.87,7229.0,7229.84,22.837226,7233.744036381322,7233.851128143871,False,-1
2020-01-01 21:30:00,7230.27,7230.85,7229.0,7229.42,10.164066,7232.879229105058,7233.44829831261,False,0
2020-01-01 21:35:00,7229.45,7232.43,7227.0,7227.19,23.48202,7231.741383284047,7232.879362102372,False,0
2020-01-01 21:40:00,7227.2,7236.55,7227.0,7234.15,18.337834,7232.223106627238,7232.99487463852,False,0
2020-01-01 21:45:00,7234.22,7237.97,7231.27,7236.24,18.048672,7233.026485301791,7233.289886035018,False,0
2020-01-01 21:50:00,7236.15,7238.23,7231.25,7234.23,21.290029,7233.267188241432,7233.375350940924,False,0
2020-01-01 21:55:00,7234.75,7235.93,7232.24,7233.17,20.148406,7233.2477505931465,7233.356682673568,False,0
2020-01-01 22:00:00,7233.32,7234.49,7222.53,7224.5,72.720299,7231.498200474518,7232.5515297032425,False,0
2020-01-01 22:05:00,7223.47,7228.86,7217.47,7219.85,63.214782,7229.168560379615,7231.396845184766,False,0
2020-01-01 22:10:00,7219.44,7225.81,7213.0,7223.5,57.193754,7228.034848303692,7230.678950167969,False,0
2020-01-01 22:15:00,7223.5,7228.72,7222.26,7227.03,26.507774,7227.833878642954,7230.347227425426,False,0
2020-01-01 22:20:00,7227.1,7228.67,7215.05,7220.54,50.113937,7226.375102914364,7229.455661295842,False,0
2020-01-01 22:25:00,7221.44,7222.77,7214.68,7215.78,25.407785,7224.256082331492,7228.212419359856,False,0
2020-01-01 22:30:00,7215.38,7215.38,7201.97,7210.07,93.144199,7221.418865865194,7226.563108508959,False,0
2020-01-01 22:35:00,7210.31,7211.42,7203.75,7205.79,33.192332,7218.293092692155,7224.674644099054,False,0
2020-01-01 22:40:00,7205.58,7205.89,7191.0,7196.39,117.564618,7213.912474153725,7222.103312817321,False,0
2020-01-01 22:45:00,7196.92,7199.0,7186.0,7193.5,94.582878,7209.829979322981,7219.50301165211,False,0
2020-01-01 22:50:00,7194.11,7203.83,7192.78,7203.83,62.8036,7208.629983458384,7218.07819241101,False,0
2020-01-01 22:55:00,7204.27,7207.77,7190.0,7197.99,72.584453,7206.501986766708,7216.251993100917,False,0
2020-01-01 23:00:00,7197.62,7197.62,7187.77,7192.96,62.15568,7203.793589413366,7214.134539182652,False,0
2020-01-01 23:05:00,7192.96,7199.0,7185.0,7185.5,72.572538,7200.134871530694,7211.531399256956,False,0
2020-01-01 23:10:00,7185.49,7186.17,7175.15,7184.68,286.180105,7197.043897224556,7209.090362960869,False,0
2020-01-01 23:15:00,7184.66,7188.69,7178.95,7181.87,47.134914,7194.009117779645,7206.615784509881,False,0
2020-01-01 23:20:00,7182.54,7190.0,7182.03,7190.0,39.515368,7193.207294223716,7205.105258645347,False,0
2020-01-01 23:25:00,7190.0,7198.0,7189.29,7195.4,58.963656,7193.645835378973,7204.2229624048605,False,0
2020-01-01 23:30:00,7194.84,7194.84,7182.39,7188.28,65.570021,7192.572668303179,7202.7736021862365,False,0
2020-01-01 23:35:00,7188.26,7195.38,7187.37,7190.5,28.946975,7192.158134642544,7201.6578201693055,False,0
2020-01-01 23:40:00,7191.0,7197.98,7188.51,7193.8,43.72273,7192.486507714036,7200.943472881187,False,0
2020-01-01 23:45:00,7193.8,7199.99,7192.7,7198.3,27.344353,7193.649206171229,7200.703157164715,False,0
2020-01-01 23:50:00,7198.4,7204.17,7196.25,7201.0,41.54017,7195.119364936983,7200.730142877013,False,0
2020-01-01 23:55:00,7200.94,7201.74,7196.11,7200.85,37.60365,7196.265491949587,7200.741038979103,False,0
2020-01-02 00:00:00,7200.77,7200.99,7191.24,7191.64,32.899153,7195.340393559671,7199.913671799184,False,0
2020-01-02 00:05:00,7191.53,7195.99,7185.46,7191.64,43.235832,7194.6003148477375,7199.16151981744,False,0
2020-01-02 00:10:00,7191.65,7198.36,7191.65,7195.38,40.969032,7194.756251878191,7198.817745288582,False,0
2020-01-02 00:15:00,7195.11,7199.8,7194.41,7197.77,25.252366,7195.359001502553,7198.722495716893,False,0
2020-01-02 00:20:00,7198.71,7200.93,7197.36,7199.9,14.44022,7196.267201202043,7198.829541560812,False,0
2020-01-02 00:25:00,7199.91,7199.91,7195.66,7198.69,33.402334,7196.751760961635,7198.816855964375,False,0
2020-01-02 00:30:00,7198.68,7201.87,7197.79,7199.96,29.825511,7197.393408769309,7198.9207781494315,False,0
2020-01-02 00:35:00,7199.96,7202.34,7197.76,7201.54,30.374158,7198.222727015447,7199.1588892267555,False,0
2020-01-02 00:40:00,7201.54,7207.61,7199.24,7207.45,33.56479,7200.068181612358,7199.912626569778,True,1
2020-01-02 00:45:00,7207.05,7212.5,7203.96,7211.33,47.448206,7202.320545289887,7200.950569608889,True,0
2020-01-02 00:50:00,7211.96,7211.96,7204.81,7205.89,34.731539,7203.03443623191,7201.3996087353535,True,0
2020-01-02 00:55:00,7205.9,7211.14,7205.84,7211.02,25.209236,7204.631548985528,7202.274189759412,True,0
2020-01-02 01:00:00,7211.04,7211.16,7205.44,7207.33,27.237391,7205.171239188423,7202.733808872194,True,0
2020-01-02 01:05:00,7207.1,7208.33,7201.58,7202.09,29.319338,7204.554991350738,7202.675280792903,True,0
2020-01-02 01:10:00,7202.13,7202.7,7197.14,7197.86,33.997935,7203.215993080591,7202.237527993549,True,0
2020-01-02 01:15:00,7197.4,7200.0,7191.86,7192.76,41.69025,7201.124794464473,7201.375934539589,False,-1
2020-01-02 01:20:00,7192.76,7198.33,7192.75,7196.46,13.615502,7200.191835571579,7200.929031399626,False,0
2020-01-02 01:25:00,7196.65,7196.65,7188.68,7190.18,46.626192,7198.1894684572635,7199.951846726933,False,0
2020-01-02 01:30:00,7190.19,7195.62,7186.42,7188.97,36.427694,7196.345574765811,7198.953497024484,False,0
2020-01-02 01:35:00,7188.69,7193.75,7187.81,7193.33,27.287246,7195.742459812649,7198.442270022258,False,0
2020-01-02 01:40:00,7193.44,7193.44,7188.0,7189.76,39.161931,7194.54596785012,7197.652972747507,False,0
2020-01-02 01:45:00,7189.76,7191.77,7185.11,7188.64,31.168952,7193.364774280097,7196.833611588643,False,0
2020-01-02 01:50:00,7188.55,7193.4,7186.33,7192.34,28.333661,7193.159819424078,7196.425101444221,False,0
2020-01-02 01:55:00,7192.76,7194.9,7190.99,7190.99,47.794047,7192.725855539263,7195.931001312927,False,0
2020-01-02 02:00:00,7190.99,7191.0,7159.27,7171.27,401.410029,7188.4346844314105,7193.689092102661,False,0
2020-01-02 02:05:00,7171.32,7175.46,7158.37,7161.78,110.471578,7183.1037475451285,7190.788265547873,False,0
2020-01-02 02:10:00,7161.75,7172.41,7160.99,7169.25,150.68821,7180.332998036103,7188.830241407158,False,0
2020-01-02 02:15:00,7169.04,7171.65,7163.72,7167.32,117.401599,7177.730398428883,7186.8747649155985,False,0
2020-01-02 02:20:00,7168.0,7168.0,7156.8,7163.88,132.015908,7174.960318743107,7184.784331741453,False,0
2020-01-02 02:25:00,7164.14,7171.17,7162.13,7166.04,112.892029,7173.176254994485,7183.080301583139,False,0
2020-01-02 02:30:00,7166.0,7166.41,7155.35,7158.96,110.605714,7170.333003995589,7180.887546893762,False,0
2020-01-02 02:35:00,7158.96,7164.9,7158.95,7164.11,64.51282,7169.0884031964715,7179.362315357966,False,0
2020-01-02 02:40:00,7163.92,7171.71,7163.92,7170.8,68.873725,7169.430722557177,7178.583923052696,False,0
2020-01-02 02:45:00,7170.12,7171.15,7167.89,7170.4,44.163774,7169.624578045742,7177.839930047906,False,0
2020-01-02 02:50:00,7170.4,7170.4,7165.5,7170.1,36.127715,7169.719662436594,7177.13630004355,False,0
2020-01-02 02:55:00,7170.08,7170.87,7165.57,7169.02,38.214785,7169.579729949276,7176.398454585045,False,0
2020-01-02 03:00:00,7169.04,7169.06,7155.01,7161.64,157.281657,7167.991783959422,7175.056776895495,False,0
2020-01-02 03:05:00,7162.02,7164.62,7160.02,7160.5,44.580928,7166.493427167538,7173.73343354136,False,0
2020-01-02 03:10:00,7160.49,7163.34,7158.06,7158.77,54.223998,7164.948741734031,7172.373121401236,False,0
2020-01-02 03:15:00,7159.38,7162.8,7153.33,7162.28,88.668533,7164.414993387225,7171.455564910214,False,0
2020-01-02 03:20:00,7162.78,7166.0,7156.78,7162.8,63.225251,7164.091994709781,7170.668695372921,False,0
2020-01-02 03:25:00,7162.8,7162.83,7155.47,7157.64,44.318598,7162.801595767825,7169.484268520838,False,0
2020-01-02 03:30:00,7156.62,7161.0,7152.98,7157.63,58.143585,7161.7672766142605,7168.406607746216,False,0
2020-01-02 03:35:00,7157.92,7158.38,7153.04,7154.84,46.956496,7160.381821291408,7167.173279769288,False,0
2020-01-02 03:40:00,7155.0,7157.55,7137.64,7142.37,328.688529,7156.779457033127,7164.918436153898,False,0
2020-01-02 03:45:00,7143.49,7148.28,7130.64,7133.62,170.047974,7152.147565626502,7162.073123776271,False,0
2020-01-02 03:50:00,7134.2,7141.12,7124.4,7136.2,210.903974,7148.958052501202,7159.721021614792,False,0
2020-01-02 03:55:00,7136.2,7136.2,7120.37,7129.61,290.924907,7145.0884420009625,7156.983656013447,False,0
2020-01-02 04:00:00,7129.25,7153.65,7116.7,7153.6,348.722568,7146.790753600771,7156.676050921315,False,0
2020-01-02 04:05:00,7152.59,7156.08,7140.5,7149.07,105.41046,7147.2466028806175,7155.98459174665,False,0
2020-01-02 04:10:00,7150.0,7155.94,7145.26,7149.9,75.572693,7147.777282304494,7155.431447042409,False,0
2020-01-02 04:15:00,7149.44,7161.0,7149.18,7153.35,147.348889,7148.891825843596,7155.242224584008,False,0
2020-01-02 04:20:00,7153.35,7159.65,7150.06,7150.79,86.237541,7149.271460674878,7154.837476894552,False,0
2020-01-02 04:25:00,7150.54,7157.92,7144.9,7145.01,72.893857,7148.419168539903,7153.944069904139,False,0
2020-01-02 04:30:00,7145.01,7145.75,7130.46,7143.42,89.077292,7147.419334831923,7152.987336276489,False,0
2020-01-02 04:35:00,7142.38,7145.01,7137.43,7144.22,47.537893,7146.779467865539,7152.190305705899,False,0
2020-01-02 04:40:00,7144.22,7155.65,7141.93,7147.11,91.967658,7146.8455742924325,7151.728459732634,False,0
2020-01-02 04:45:00,7147.11,7147.11,7137.72,7143.38,81.988906,7146.152459433947,7150.969508847849,False,0
2020-01-02 04:50:00,7143.34,7146.65,7142.0,7146.65,53.318192,7146.251967547158,7150.576826225318,False,0
2020-01-02 04:55:00,7146.65,7153.73,7140.07,7142.21,52.371928,7145.443574037727,7149.81620565938,False,0
2020-01-02 05:00:00,7142.61,7144.5,7135.49,7137.02,77.062288,7143.758859230182,7148.6529142357995,False,0
2020-01-02 05:05:00,7137.02,7140.24,7135.4,7139.21,52.40209,7142.849087384146,7147.79446748709,False,0
2020-01-02 05:10:00,7139.98,7148.6,7139.02,7143.8,37.328167,7143.039269907317,7147.431334079172,False,0
2020-01-02 05:15:00,7143.8,7152.05,7143.46,7151.17,55.574166,7144.665415925854,7147.771212799247,False,0
2020-01-02 05:20:00,7151.14,7151.69,7138.01,7139.06,44.973099,7143.544332740684,7146.979284362952,False,0
2020-01-02 05:25:00,7139.06,7144.25,7137.04,7140.62,38.838809,7142.959466192548,7146.401167602684,False,0
2020-01-02 05:30:00,7141.61,7148.0,7141.57,7148.0,30.792015,7143.967572954039,7146.54651600244,False,0
2020-01-02 05:35:00,7147.98,7148.92,7142.09,7147.43,13.577826,7144.660058363231,7146.626832729491,False,0
2020-01-02 05:40:00,7147.37,7148.67,7138.31,7139.24,38.618683,7143.576046690585,7145.955302481355,False,0
2020-01-02 05:45:00,7139.26,7143.69,7131.72,7136.84,50.103406,7142.228837352469,7145.126638619414,False,0
2020-01-02 05:50:00,7137.09,7137.73,7126.93,7130.27,75.416695,7139.837069881975,7143.776035108558,False,0
2020-01-02 05:55:00,7130.26,7139.99,7130.05,7138.93,54.821746,7139.655655905581,7143.335486462325,False,0
2020-01-02 06:00:00,7138.93,7143.59,7135.0,7143.36,55.519094,7140.396524724465,7143.33771496575,False,0
2020-01-02 06:05:00,7143.61,7144.98,7137.69,7139.08,59.393787,7140.133219779572,7142.950649968863,False,0
2020-01-02 06:10:00,7139.01,7140.34,7136.14,7138.9,39.417214,7139.886575823658,7142.582409062603,False,0
2020-01-02 06:15:00,7138.9,7143.14,7138.5,7143.04,64.26516,7140.517260658927,7142.624008238729,False,0
2020-01-02 06:20:00,7143.12,7144.79,7140.13,7142.24,36.062248,7140.861808527142,7142.589098398845,False,0
2020-01-02 06:25:00,7142.24,7149.0,7142.24,7146.58,78.041616,7142.005446821714,7142.951907635313,False,0
2020-01-02 06:30:00,7145.96,7149.02,7143.1,7144.52,38.897643,7142.508357457372,7143.0944614866485,False,0
2020-01-02 06:35:00,7144.28,7145.01,7140.0,7143.9,56.907725,7142.786685965898,7143.167692260589,False,0
2020-01-02 06:40:00,7143.87,7144.51,7136.41,7136.81,46.967876,7141.591348772718,7142.589720236899,False,0
2020-01-02 06:45:00,7136.42,7139.14,7130.63,7138.4,66.171726,7140.953079018175,7142.208836578999,False,0
2020-01-02 06:50:00,7139.11,7139.13,7125.49,7125.5,58.072843,7137.862463214541,7140.6898514354525,False,0
2020-01-02 06:55:00,7125.49,7137.73,7121.43,7135.97,87.883733,7137.483970571634,7140.260774032229,False,0
2020-01-02 07:00:00,7136.04,7140.63,7131.31,7131.31,49.746498,7136.249176457308,7139.447067302026,False,0
2020-01-02 07:05:00,7131.81,7131.81,7121.01,7126.62,110.30674,7134.3233411658475,7138.280970274568,False,0
2020-01-02 07:10:00,7126.62,7132.17,7124.13,7125.26,82.992313,7132.510672932678,7137.097245704153,False,0
2020-01-02 07:15:00,7125.26,7126.3,7111.36,7123.19,405.853742,7130.646538346143,7135.832950640138,False,0
2020-01-02 07:20:00,7123.04,7123.29,7107.0,7116.31,150.441728,7127.779230676915,7134.0581369455795,False,0
2020-01-02 07:25:00,7115.62,7121.85,7110.59,7111.58,89.197805,7124.539384541532,7132.014669950527,False,0
2020-01-02 07:30:00,7111.56,7128.05,7105.0,7126.71,154.14922,7124.973507633225,7131.532427227751,False,0
2020-01-02 07:35:00,7126.7,7128.93,7118.75,7119.4,74.466819,7123.858806106581,7130.429479297955,False,0
2020-01-02 07:40:00,7119.4,7124.47,7109.14,7121.65,94.885438,7123.417044885266,7129.631344816323,False,0
2020-01-02 07:45:00,7121.69,7125.0,7115.0,7115.09,176.90625,7121.751635908213,7128.309404378475,False,0
2020-01-02 07:50:00,7115.05,7119.84,7115.0,7115.28,71.662683,7120.457308726571,7127.12491307134,False,0
2020-01-02 07:55:00,7115.32,7119.9,7108.0,7110.57,87.794587,7118.479846981258,7125.619920973946,False,0
2020-01-02 08:00:00,7110.98,7125.0,7109.11,7124.69,122.612937,7119.721877585007,7125.535382703587,False,0
2020-01-02 08:05:00,7124.69,7137.5,7122.72,7131.48,126.818964,7122.073502068006,7126.075802457805,False,0
2020-01-02 08:10:00,7131.36,7142.48,7128.31,7136.92,120.490034,7125.042801654405,7127.061638598005,False,0
2020-01-02 08:15:00,7136.92,7145.0,7136.91,7138.3,70.319481,7127.694241323524,7128.083307816367,False,0
2020-01-02 08:20:00,7139.0,7139.51,7135.03,7137.44,102.756512,7129.64339305882,7128.933916196697,True,1
2020-01-02 08:25:00,7137.56,7138.94,7130.53,7130.92,54.055961,7129.898714447057,7129.114469269724,True,0
2020-01-02 08:30:00,7131.5,7137.53,7130.0,7136.49,41.289763,7131.216971557646,7129.784972063386,True,0
2020-01-02 08:35:00,7137.41,7154.17,7136.64,7145.05,92.374622,7133.983577246117,7131.172701875806,True,0
2020-01-02 08:40:00,7146.01,7150.92,7142.07,7146.01,82.898299,7136.388861796894,7132.521547159823,True,0
2020-01-02 08:45:00,7146.49,7148.56,7142.71,7147.87,69.392263,7138.685089437517,7133.916861054385,True,0
2020-01-02 08:50:00,7148.38,7157.48,7143.16,7153.49,146.799051,7141.646071550014,7135.696237322168,True,0
2020-01-02 08:55:00,7154.47,7154.47,7148.5,7154.36,85.017241,7144.188857240012,7137.3929430201515,True,0
2020-01-02 09:00:00,7153.57,7153.57,7146.3,7149.98,83.376845,7145.34708579201,7138.53722092741,True,0
2020-01-02 09:05:00,7149.99,7151.82,7141.8,7147.52,68.494199,7145.781668633608,7139.353837206736,True,0
2020-01-02 09:10:00,7147.63,7148.5,7143.0,7147.4,85.15657,7146.105334906886,7140.0853065515785,True,0
2020-01-02 09:15:00,7148.47,7154.16,7147.45,7150.79,77.381481,7147.04226792551,7141.058460501435,True,0
2020-01-02 09:20:00,7150.19,7153.09,7146.89,7149.4,49.359802,7147.513814340408,7141.8167822740315,True,0
2020-01-02 09:25:00,7150.26,7150.26,7139.6,7145.17,48.195167,7147.045051472327,7142.12162024912,True,0
2020-01-02 09:30:00,7145.35,7145.45,7135.36,7140.0,82.535042,7145.636041177862,7141.928745681017,True,0
2020-01-02 09:35:00,7140.0,7150.33,7140.0,7145.43,86.858232,7145.594832942291,7142.247041528197,True,0
2020-01-02 09:40:00,7145.45,7152.04,7145.22,7146.86,52.829722,7145.8478663538335,7142.66640138927,True,0
2020-01-02 09:45:00,7146.15,7152.52,7145.23,7150.62,41.228958,7146.802293083067,7143.389455808427,True,0
2020-01-02 09:50:00,7150.11,7157.17,7149.77,7155.98,55.437122,7148.637834466454,7144.534050734933,True,0
2020-01-02 09:55:00,7156.7,7165.0,7153.65,7162.01,109.148188,7151.312267573163,7146.122773395393,True,0
2020-01-02 10:00:00,7162.18,7167.03,7158.61,7163.71,150.596293,7153.791814058531,7147.72161217763,True,0
2020-01-02 10:05:00,7163.71,7165.5,7158.04,7159.78,72.333067,7154.989451246825,7148.817829252391,True,0
2020-01-02 10:10:00,7159.96,7176.77,7159.68,7167.06,278.629549,7157.403560997461,7150.476208411264,True,0
2020-01-02 10:15:00,7167.13,7169.69,7160.03,7164.47,98.872294,7158.816848797969,7151.748371282967,True,0
2020-01-02 10:20:00,7164.47,7173.84,7163.59,7171.71,134.483011,7161.395479038376,7153.563064802697,True,0
2020-01-02 10:25:00,7172.4,7178.36,7168.94,7177.14,86.435123,7164.544383230701,7155.706422547906,True,0
2020-01-02 10:30:00,7177.24,7180.0,7165.86,7168.46,159.07833,7165.327506584561,7156.865838679914,True,0
2020-01-02 10:35:00,7169.07,7169.07,7162.84,7168.27,156.38663,7165.91600526765,7157.9025806181035,True,0
2020-01-02 10:40:00,7168.25,7168.25,7161.88,7163.11,69.960503,7165.35480421412,7158.375982380094,True,0
2020-01-02 10:45:00,7162.78,7164.44,7153.33,7157.63,92.721326,7163.809843371297,7158.308165800085,True,0
2020-01-02 10:50:00,7157.63,7166.53,7157.29,7165.3,83.411867,7164.107874697038,7158.943787090986,True,0
2020-01-02 10:55:00,7164.94,7166.96,7160.9,7161.83,63.311991,7163.65229975763,7159.206170082714,True,0
2020-01-02 11:00:00,7161.89,7167.76,7160.91,7166.48,46.850397,7164.217839806105,7159.867427347923,True,0
2020-01-02 11:05:00,7166.48,7168.67,7163.3,7164.63,52.932713,7164.300271844885,7160.300388498112,True,0
2020-01-02 11:10:00,7164.63,7164.63,7161.84,7163.31,46.28961,7164.102217475909,7160.573989543737,True,0
2020-01-02 11:15:00,7163.31,7164.62,7154.82,7155.1,62.356852,7162.301773980728,7160.07635413067,True,0
2020-01-02 11:20:00,7154.82,7156.97,7151.0,7153.83,69.869489,7160.607419184584,7159.5085037551535,True,0
2020-01-02 11:25:00,7152.79,7153.81,7145.0,7149.51,137.036187,7158.387935347668,7158.599548868321,False,-1
2020-01-02 11:30:00,7149.58,7151.97,7146.23,7151.76,45.569274,7157.062348278135,7157.977771698474,False,0
2020-01-02 11:35:00,7150.94,7154.79,7149.56,7149.9,47.491781,7155.629878622509,7157.243428816793,False,0
2020-01-02 11:40:00,7149.43,7154.3,7146.11,7151.2,38.690055,7154.743902898007,7156.694026197085,False,0
2020-01-02 11:45:00,7151.14,7153.94,7146.86,7152.44,50.34893,7154.283122318407,7156.307296542804,False,0
2020-01-02 11:50:00,7152.38,7152.99,7145.0,7145.33,63.287927,7152.492497854725,7155.3093604934575,False,0
2020-01-02 11:55:00,7145.61,7145.61,7139.03,7139.79,100.433355,7149.951998283781,7153.898509539506,False,0
2020-01-02 12:00:00,7139.73,7155.58,7139.03,7149.95,77.719728,7149.951598627025,7153.539554126824,False,0
2020-01-02 12:05:00,7149.99,7159.28,7149.99,7159.01,87.08614,7151.763278901621,7154.036867388022,False,0
2020-01-02 12:10:00,7159.18,7163.4,7156.42,7161.15,64.105209,7153.640623121297,7154.683515807293,False,0
2020-01-02 12:15:00,7161.19,7161.2,7155.43,7156.04,148.411067,7154.120498497037,7154.806832552084,False,0
2020-01-02 12:20:00,7156.04,7156.23,7146.37,7152.68,61.365668,7153.83239879763,7154.613484138258,False,0
2020-01-02 12:25:00,7153.39,7157.41,7150.03,7157.41,45.969589,7154.547919038105,7154.867712852962,False,0
2020-01-02 12:30:00,7157.08,7157.08,7151.01,7151.94,42.045624,7154.026335230484,7154.601557139056,False,0
2020-01-02 12:35:00,7151.66,7152.6,7146.4,7147.4,35.008355,7152.701068184388,7153.946870126415,False,0
2020-01-02 12:40:00,7147.4,7148.79,7142.49,7148.01,96.55101,7151.76285454751,7153.407154660377,False,0
2020-01-02 12:45:00,7147.52,7152.6,7147.13,7148.63,44.310172,7151.1362836380085,7152.972867873071,False,0
2020-01-02 12:50:00,7148.63,7156.48,7147.88,7154.71,65.337412,7151.851026910407,7153.130788975518,False,0
2020-01-02 12:55:00,7155.16,7158.9,7154.73,7158.29,26.120523,7153.138821528327,7153.599808159562,False,0
2020-01-02 13:00:00,7158.86,7163.35,7157.63,7159.45,48.141753,7154.4010572226625,7154.131643781419,True,1
2020-01-02 13:05:00,7159.45,7159.45,7155.02,7156.76,32.140741,7154.87284577813,7154.370585255836,True,0
2020-01-02 13:10:00,7155.78,7156.94,7149.92,7151.02,78.146774,7154.102276622505,7154.065986596214,True,0
2020-01-02 13:15:00,7150.75,7153.48,7149.37,7152.68,39.474094,7153.817821298005,7153.93998781474,False,-1
2020-01-02 13:20:00,7152.19,7154.0,7151.15,7153.77,18.183237,7153.808257038404,7153.924534377036,False,0
2020-01-02 13:25:00,7153.76,7153.77,7144.86,7146.73,93.367899,7152.392605630723,7153.270485797306,False,0
2020-01-02 13:30:00,7147.46,7147.79,7112.0,7117.92,430.808069,7145.498084504578,7150.056805270277,False,0
2020-01-02 13:35:00,7117.92,7129.26,7112.41,7113.55,117.193981,7139.1084676036635,7146.738004791161,False,0
2020-01-02 13:40:00,7115.04,7130.69,7112.04,7122.67,73.827377,7135.820774082931,7144.5500043556,False,0
2020-01-02 13:45:00,7123.18,7124.22,7115.01,7120.88,67.761709,7132.832619266345,7142.398185777818,False,0
2020-01-02 13:50:00,7120.86,7132.14,7107.43,7124.52,427.292578,7131.170095413077,7140.772896161653,False,0
2020-01-02 13:55:00,7123.69,7143.54,7121.96,7131.15,139.942481,7131.166076330463,7139.898087419684,False,0
2020-01-02 14:00:00,7131.18,7144.23,7128.95,7131.41,147.707143,7131.214861064371,7139.126443108804,False,0
2020-01-02 14:05:00,7130.48,7136.24,7122.34,7131.45,73.273745,7131.261888851497,7138.428584644367,False,0
2020-01-02 14:10:00,7131.53,7131.84,7123.38,7128.79,64.803206,7130.767511081198,7137.552349676697,False,0
2020-01-02 14:15:00,7129.05,7136.04,7123.47,7135.16,49.574631,7131.646008864959,7137.334863342452,False,0
2020-01-02 14:20:00,7135.21,7136.04,7125.01,7126.68,101.473313,7130.652807091968,7136.366239402229,False,0
2020-01-02 14:25:00,7126.68,7133.96,7126.41,7133.19,70.650914,7131.1602456735745,7136.077490365663,False,0
2020-01-02 14:30:00,7133.86,7138.98,7130.3,7137.03,47.627614,7132.33419653886,7136.164082150603,False,0
2020-01-02 14:35:00,7137.03,7141.62,7132.62,7138.54,58.912018,7133.575357231088,7136.380074682365,False,0
2020-01-02 14:40:00,7138.45,7156.45,7138.12,7154.86,89.80434,7137.832285784871,7138.06006789306,False,0
2020-01-02 14:45:00,7154.86,7157.1,7140.79,7145.39,110.60089,7139.343828627897,7138.726425357327,True,1
2020-01-02 14:50:00,7145.39,7145.39,7135.28,7141.11,73.720518,7139.697062902318,7138.943113961206,True,0
2020-01-02 14:55:00,7141.77,7141.77,7133.49,7135.59,68.152593,7138.875650321856,7138.638285419278,True,0
2020-01-02 15:00:00,7135.59,7150.16,7135.59,7147.31,109.806762,7140.562520257486,7139.426623108435,True,0
2020-01-02 15:05:00,7148.12,7152.0,7137.5,7140.36,90.668158,7140.522016205989,7139.511475553122,True,0
2020-01-02 15:10:00,7140.36,7144.11,7138.52,7140.11,58.485351,7140.439612964791,7139.565886866475,True,0
2020-01-02 15:15:00,7140.13,7143.97,7134.5,7134.74,50.730082,7139.299690371834,7139.127169878613,True,0
2020-01-02 15:20:00,7134.73,7135.04,7127.29,7135.03,96.243848,7138.445752297468,7138.754699889648,False,-1
2020-01-02 15:25:00,7135.03,7135.03,7123.46,7128.0,70.221935,7136.356601837975,7137.776999899679,False,0
2020-01-02 15:30:00,7128.0,7133.67,7127.91,7130.0,64.806299,7135.08528147038,7137.069999908799,False,0
2020-01-02 15:35:00,7130.0,7130.01,7120.0,7121.84,102.953309,7132.436225176305,7135.685454462544,False,0
2020-01-02 15:40:00,7121.73,7135.22,7120.11,7134.06,53.174974,7132.7609801410445,7135.53768587504,False,0
2020-01-02 15:45:00,7134.08,7136.21,7123.32,7130.24,66.958468,7132.256784112836,7135.056078068217,False,0
2020-01-02 15:50:00,7130.25,7134.23,7126.26,7131.7,55.492293,7132.145427290269,7134.7509800620155,False,0
2020-01-02 15:55:00,7131.88,7133.82,7126.7,7130.98,42.888239,7131.912341832216,7134.408163692741,False,0
2020-01-02 16:00:00,7130.37,7146.85,7126.96,7136.72,128.755767,7132.873873465774,7134.618330629764,False,0
2020-01-02 16:05:00,7136.91,7138.2,7120.0,7120.14,77.756131,7130.327098772619,7133.302118754331,False,0
2020-01-02 16:10:00,7120.02,7126.69,7110.51,7111.98,121.791889,7126.657679018095,7131.363744322119,False,0
2020-01-02 16:15:00,7112.88,7123.7,7109.8,7121.7,161.48938,7125.6661432144765,7130.485222111017,False,0
2020-01-02 16:20:00,7122.55,7124.86,7113.42,7123.89,68.267071,7125.310914571582,7129.88565646456,False,0
2020-01-02 16:25:00,7123.84,7124.26,7111.86,7119.18,89.889526,7124.084731657266,7128.912414967782,False,0
2020-01-02 16:30:00,7119.43,7125.96,7117.1,7123.99,75.660841,7124.0657853258135,7128.464922697983,False,0
2020-01-02 16:35:00,7123.99,7125.47,7118.23,7118.69,62.81429,7122.990628260652,7127.576293361802,False,0
2020-01-02 16:40:00,7119.29,7119.86,7113.57,7117.5,99.233317,7121.892502608522,7126.660266692547,False,0
2020-01-02 16:45:00,7117.06,7117.11,7020.0,7066.76,1935.655888,7110.866002086817,7121.214787902316,False,0
2020-01-02 16:50:00,7066.76,7071.48,7042.7,7052.1,510.501971,7099.112801669455,7114.931625365742,False,0
2020-01-02 16:55:00,7054.42,7063.66,7048.66,7052.32,272.658081,7089.754241335564,7109.2396594234015,False,0
2020-01-02 17:00:00,7052.32,7053.09,6939.59,6989.82,2433.979209,7069.767393068451,7098.383326748547,False,0
2020-01-02 17:05:00,6989.81,6993.28,6967.61,6975.27,517.842381,7050.867914454761,7087.191206135042,False,0
2020-01-02 17:10:00,6975.25,6982.57,6955.39,6977.09,443.7895,7036.112331563809,7077.182005577311,False,0
2020-01-02 17:15:00,6977.39,6987.4,6970.0,6972.86,350.858539,7023.461865251047,7067.698186888464,False,0
2020-01-02 17:20:00,6972.76,6972.76,6936.0,6937.02,529.279424,7006.173492200838,7055.818351716785,False,0
2020-01-02 17:25:00,6936.0,6958.46,6924.74,6950.0,427.35563,6994.938793760671,7046.198501560714,False,0
2020-01-02 17:30:00,6950.31,6969.8,6948.53,6954.46,371.046064,6986.843035008536,7037.858637782468,False,0
2020-01-02 17:35:00,6955.18,6978.96,6953.98,6978.56,302.424829,6985.18642800683,7032.467852529517,False,0
